{"res":{"modules-common/backbone/backbone.js":{"uri":"/modules-common/backbone/backbone_915fbb1.js","type":"js","deps":["modules-common/underscore/underscore.js","modules-common/jquery/jquery.js"],"pkg":"p0","id":"modules-common/backbone/backbone.js"},"modules-common/init/init.css":{"uri":"/modules-common/init/init_1ef4886.css","type":"css","id":"modules-common/init/init.css"},"modules-common/init/init.js":{"uri":"/modules-common/init/init_ca5ed11.js","type":"js","deps":["modules-common/backbone/backbone.js","modules-common/jquery/jquery.js","modules-common/init/init.css"],"id":"modules-common/init/init.js"},"modules-common/jquery/jquery.js":{"uri":"/modules-common/jquery/jquery_b22d355.js","type":"js","pkg":"p0","id":"modules-common/jquery/jquery.js"},"modules-common/underscore/underscore.js":{"uri":"/modules-common/underscore/underscore_045bccd.js","type":"js","pkg":"p0","id":"modules-common/underscore/underscore.js"},"modules/register/industry/industry.scss":{"uri":"/modules/register/industry/industry_137886b.css","type":"css","id":"modules/register/industry/industry.scss"},"modules/register/register.js":{"uri":"/modules/register/register_2fb7ac4.js","type":"js","deps":["modules-common/jquery/jquery.js","modules-common/backbone/backbone.js","modules/register/industry/industry.scss","modules/register/register.scss"],"id":"modules/register/register.js"},"modules/register/register.scss":{"uri":"/modules/register/register_8911f24.css","type":"css","id":"modules/register/register.scss"},"pages/login/js/jquery.min.js":{"uri":"/pages/login/js/jquery.min_b4b3ebd.js","type":"js"},"pages/login/main.js":{"uri":"/pages/login/main_17a5ce7.js","type":"js","deps":["pages/login/main.scss"]},"pages/login/main.scss":{"uri":"/pages/login/main_bbcdb84.css","type":"css"},"pages/register/main.js":{"uri":"/pages/register/main_f3c65dd.js","type":"js","deps":["modules-common/init/init.js","modules/register/register.js"],"id":"pages/register/main.js"},"static/lib/mod-store.js":{"uri":"/static/lib/mod-store_3213e2d.js","type":"js"},"static/lib/mod.js":{"uri":"/static/lib/mod_327a0b0.js","type":"js"}},"pkg":{"p0":{"uri":"/pkg/lib_8962297.js","type":"js","has":["modules-common/underscore/underscore.js","modules-common/backbone/backbone.js","modules-common/jquery/jquery.js"]},"auto_js_0":{"uri":"/pkg/auto_combine_8d77a_3c0b3fc.js","type":"js","has":["pages/login/js/jquery.min.js","pages/login/main.js"]},"auto_js_1":{"uri":"/pkg/auto_combine_ed3f7_0847a88.js","type":"js","has":["modules-common/init/init.js","modules/register/register.js","pages/register/main.js"]},"auto_css_2":{"uri":"/pkg/auto_combine_dbaa4_c25b628.css","type":"css","has":["modules-common/init/init.css","modules/register/industry/industry.scss","modules/register/register.scss"]}}}